rho,error_N2,error_N3,error_N4,error_N5,error_N6,error_N7,error_N8,error_N9,error_N10,error_N11,error_N12,error_N13,error_N14,error_N15,error_N16,error_N17,error_N18,error_N19
-1.0000000000000000e+00,0.0000000000000000e+00,0.0000000000000000e+00,0.0000000000000000e+00,0.0000000000000000e+00,0.0000000000000000e+00,0.0000000000000000e+00,0.0000000000000000e+00,0.0000000000000000e+00,0.0000000000000000e+00,0.0000000000000000e+00,0.0000000000000000e+00,0.0000000000000000e+00,0.0000000000000000e+00,0.0000000000000000e+00,0.0000000000000000e+00,0.0000000000000000e+00,0.0000000000000000e+00,0.0000000000000000e+00
-9.7999999999999998e-01,9.7999999999999954e-01,7.1696559416620531e-01,0.0000000000000000e+00,0.0000000000000000e+00,0.0000000000000000e+00,0.0000000000000000e+00,0.0000000000000000e+00,0.0000000000000000e+00,0.0000000000000000e+00,0.0000000000000000e+00,0.0000000000000000e+00,0.0000000000000000e+00,0.0000000000000000e+00,0.0000000000000000e+00,0.0000000000000000e+00,0.0000000000000000e+00,0.0000000000000000e+00,0.0000000000000000e+00
-9.5999999999999996e-01,9.5999999999986041e-01,6.9696559428925386e-01,8.9224889886750003e-01,9.3879477618034513e-01,8.2207993388567047e-01,0.0000000000000000e+00,0.0000000000000000e+00,0.0000000000000000e+00,0.0000000000000000e+00,0.0000000000000000e+00,0.0000000000000000e+00,0.0000000000000000e+00,0.0000000000000000e+00,0.0000000000000000e+00,0.0000000000000000e+00,0.0000000000000000e+00,0.0000000000000000e+00,0.0000000000000000e+00
-9.3999999999999995e-01,9.3999999775537224e-01,6.7696581476122586e-01,8.7224889886749335e-01,9.0541954611575359e-01,8.0207993398748056e-01,8.9411220253552937e-01,7.4408402646386140e-01,8.6185080431224470e-01,7.1782542290158569e-01,0.0000000000000000e+00,0.0000000000000000e+00,0.0000000000000000e+00,0.0000000000000000e+00,0.0000000000000000e+00,0.0000000000000000e+00,0.0000000000000000e+00,0.0000000000000000e+00,0.0000000000000000e+00
-9.2000000000000004e-01,9.1999971037449835e-01,6.5697493416501507e-01,8.5224889883742050e-01,8.6975381746456737e-01,7.8207996134928481e-01,8.7408009312443802e-01,7.2421400315707229e-01,8.4185046815334685e-01,7.1339544859438919e-01,8.1055486100223118e-01,8.6012747135196554e-01,7.8135335107046811e-01,0.0000000000000000e+00,0.0000000000000000e+00,0.0000000000000000e+00,0.0000000000000000e+00,0.0000000000000000e+00,0.0000000000000000e+00
-9.0000000000000002e-01,8.9999469960624889e-01,6.3705397254581286e-01,8.3224889545810599e-01,8.3577745314788832e-01,7.6208072326377641e-01,8.5390678978106782e-01,7.0474794176972544e-01,8.2184553798416471e-01,7.0688731547866335e-01,7.9055527914478663e-01,8.3201333152236390e-01,7.6139385000829785e-01,8.3454205872943310e-01,7.3552834034849712e-01,8.1806150656679877e-01,0.0000000000000000e+00,0.0000000000000000e+00,0.0000000000000000e+00
-8.8000000000000000e-01,1.1622700528942254e-01,1.4637565966990962e-01,4.8512346364998460e-02,4.0706979607768812e-02,2.1649135283561383e-02,6.9689308477597911e-02,7.7746718477899490e-02,3.8081854695422801e-02,6.5686100113634405e-02,6.8219187313907081e-03,4.0961825097055482e-02,2.2191199513578619e-02,4.8895221281585743e-02,4.6638887480112468e-02,3.3928167585122071e-02,5.3902147840006798e-02,1.6821497511727013e-02,1.8920821540291510e-02
-8.5999999999999999e-01,1.1599940365868511e-01,1.4573993086263803e-01,4.8391520496910645e-02,3.1727726278091728e-02,2.1740097620159604e-02,6.8648496771225642e-02,7.5755573846366886e-02,3.7876259255149813e-02,5.6561837919572033e-02,6.7140325299031023e-03,3.4677755642295471e-02,2.1949606032724334e-02,4.6225949072387196e-02,4.4395122642201357e-02,3.3079703863511778e-02,4.7243067424644902e-02,1.6507503485547081e-02,1.5783526858279329e-02
-8.3999999999999997e-01,1.1552448542524762e-01,1.4454661767913046e-01,4.8169587990569585e-02,2.4700061061996736e-02,2.1874242109821029e-02,6.7021956359125889e-02,7.2996157175020282e-02,3.7468503759169325e-02,4.9004722721689098e-02,6.5281389744105134e-03,2.9433849379082888e-02,2.1511044205316465e-02,4.3053984268450307e-02,4.1574164575117867e-02,3.1789022362357922e-02,4.1076886347615971e-02,1.5968518931409492e-02,1.3223058774567753e-02
-8.2000000000000006e-01,1.1470844612218745e-01,1.4267560846156924e-01,4.7823914161762460e-02,1.9193236232486477e-02,2.2023805934999974e-02,6.4823835601460100e-02,6.9599108289564393e-02,3.6801165713414297e-02,4.2671720962745074e-02,6.2612266051670362e-03,2.5078913060713748e-02,2.0846534378547998e-02,3.9591204679163772e-02,3.8370763440571665e-02,3.0089715726579480e-02,3.5527109415420477e-02,1.5198732469683507e-02,1.1095875147969725e-02
-8.0000000000000004e-01,1.1348339433484855e-01,1.4008045673341352e-01,4.7339170757674021e-02,1.4861159709783855e-02,2.2146037043934919e-02,6.2130296867779489e-02,6.5733146909678353e-02,3.5845029265054174e-02,3.7302036012588191e-02,5.9222091427793000e-03,2.1451035499771898e-02,1.9958386620137047e-02,3.6015760063859537e-02,3.4971016985600900e-02,2.8064207574369004e-02,3.0607928028493880e-02,1.4228789419234777e-02,9.3114921628629777e-03
-7.8000000000000003e-01,1.1181488035234022e-01,1.3678003902064606e-01,4.6705177594404179e-02,1.1440274599842870e-02,2.2195167234458246e-02,5.9048045803546501e-02,6.1565240040154401e-02,3.4600499826622833e-02,3.2699899794912501e-02,5.5270925190656905e-03,1.8409616476541268e-02,1.8874186808466087e-02,3.2462618581886482e-02,3.1528370052741450e-02,2.5816341954366551e-02,2.6284669293408558e-02,1.3110816672578185e-02,7.8068747233859259e-03
-7.6000000000000001e-01,1.0970066210836360e-01,1.3284018342009030e-01,4.5915475180828169e-02,8.7326618182855809e-03,2.2132053286267661e-02,5.5690668996117076e-02,5.7241066697205523e-02,3.3092575125855728e-02,2.8718038884868902e-02,5.0944974108236840e-03,1.5841355496425069e-02,1.7637155834418827e-02,2.9027265257438706e-02,2.8158386136745928e-02,2.3450769159228280e-02,2.2504553044872089e-02,1.1904061713462033e-02,6.5348615284157585e-03
-7.3999999999999999e-01,1.0716465524920826e-01,1.2835438291974088e-01,4.4966974781260105e-02,6.5891471040062655e-03,2.1929587907549175e-02,5.2164354361215248e-02,5.2878704737374549e-02,3.1363219468266479e-02,2.5245026797543368e-02,4.6425355222234899e-03,1.3657540564363746e-02,1.6296922753173737e-02,2.5773295094612458e-02,2.4942063562449657e-02,2.1060481951504673e-02,1.9211074864961986e-02,1.0664709575804787e-02,5.4584801760391155e-03
-7.1999999999999997e-01,1.0424927615979174e-01,1.2342789304976132e-01,4.3860211865162868e-02,4.8959229445615371e-03,2.1574279643192140e-02,4.8560980682983756e-02,4.8569265165355424e-02,2.9463705247544159e-02,2.2195978477609457e-02,4.1870374626742368e-03,1.1789261288859820e-02,1.4902502283619001e-02,2.2739977078564566e-02,2.1931981514701993e-02,1.8720956809373468e-02,1.6350070955385432e-02,9.4401632352089093e-03,4.5478482334372350e-03
-6.9999999999999996e-01,1.0100811963123069e-01,1.1816640461711947e-01,4.2599672834504720e-02,3.5647835461380950e-03,2.1065219021659809e-02,4.4955972103882913e-02,4.4380422382680140e-02,2.7448215160109979e-02,1.9505673233954024e-02,3.7407949150023434e-03,1.0182830921952157e-02,1.3497807058567513e-02,1.9948555413441094e-02,1.9158643101429118e-02,1.6488755128730048e-02,1.3871834551533180e-02,8.2667968482226240e-03,3.7783000949994650e-03
-6.7999999999999994e-01,9.7499878999945722e-02,1.1266893054502169e-01,4.1193880052985965e-02,2.5262307585659505e-03,2.0411652915161893e-02,4.1408810232079540e-02,4.0360657406856904e-02,2.5369128105745542e-02,1.7123423070719679e-02,3.3134527583227324e-03,8.7960440467698131e-03,1.2119327260998181e-02,1.7407156420860326e-02,1.6636028225276434e-02,1.4402739428463374e-02,1.1731508915502564e-02,7.1699705946710601e-03,3.1291593360316394e-03
-6.5999999999999992e-01,9.3783763549975308e-02,1.0702397744757408e-01,3.9655138795248512e-02,1.7246619719043510e-03,1.9630088054792827e-02,3.7964791834246392e-02,3.6543223405898106e-02,2.3273929573273122e-02,1.5009231244420773e-02,2.9117636882063369e-03,7.5953081347589491e-03,1.0795394006522629e-02,1.5114517992088516e-02,1.4366122276764037e-02,1.2486578992215946e-02,9.8888256561806553e-03,6.1652933756062289e-03,2.5828902943461074e-03
-6.4000000000000001e-01,8.9916323529079523e-02,1.0130801384654847e-01,3.7998987698649844e-02,1.1150072495814678e-03,1.8741503420545702e-02,3.4657197267936257e-02,3.2949491816373078e-02,2.1203474550909207e-02,1.3130930470780511e-02,2.5400095424008562e-03,6.5535097319187052e-03,9.5464662718536264e-03,1.3062808686152394e-02,1.2342481599648347e-02,1.0751693124646411e-02,8.3076642310069282e-03,5.2604175996209257e-03,2.1244921883510903e-03
-6.2000000000000000e-01,8.5949447868794770e-02,9.5585401964013106e-02,3.6243453827462635e-02,6.6035631571537134e-04,1.7768974202639731e-02,3.1509430953832629e-02,2.9591643730997763e-02,1.9191274691918836e-02,1.1462074190090155e-02,2.2004691638529694e-03,5.6484484318821693e-03,8.3859951741053207e-03,1.1239761114978042e-02,1.0552984862959858e-02,9.2001362066852499e-03,6.9556194803670479e-03,4.4569191579653111e-03,1.7410561808736125e-03
-5.9999999999999998e-01,8.1929265997248313e-02,8.9909171025612022e-02,3.4408221526114502e-02,3.3025687191673425e-04,1.6735819602455515e-02,2.8536937286976649e-02,2.6474790437340856e-02,1.7263502952502285e-02,9.9804056136338359e-03,1.8938662599998213e-03,4.8616926667895410e-03,7.3215478931097366e-03,9.6302879339094649e-03,8.9819259054937928e-03,7.8271700033049618e-03,5.8036324251410920e-03,3.7520173944068924e-03,1.4214341807235464e-03
-5.8000000000000007e-01,7.7895705807181026e-02,8.4322205228606006e-02,3.2513806423374370e-02,9.9468504346444941e-05,1.5664271804563035e-02,2.5748829687955499e-02,2.3598635681297775e-02,1.5439461394952725e-02,8.6667649030826022e-03,1.6197653226845410e-03,4.1777427772685671e-03,6.3559845691031902e-03,8.2177023597974075e-03,7.6115837135168340e-03,6.6234203319229801e-03,4.8256859772696226e-03,3.1400250711014488e-03,1.1559845958854509e-03
-5.6000000000000005e-01,7.3882501735055839e-02,7.8858574120913572e-02,3.0580799431239425e-02,5.2972208179347113e-05,1.4574603730525104e-02,2.3149237367570907e-02,2.0958783392479197e-02,1.3732316604180728e-02,7.5043228067242507e-03,1.3769043431079431e-03,3.5834158518606718e-03,5.4885660458698915e-03,6.9846320120804939e-03,6.4233807322086611e-03,5.5766038064749557e-03,3.9985501180773708e-03,2.6135007316817060e-03,9.3637104125698922e-04
-5.4000000000000004e-01,6.9917492630180100e-02,7.3544844776310181e-02,2.8629219725577915e-02,1.4447151713686823e-04,1.3484629511630319e-02,2.0738402561886138e-02,1.8547774277261397e-02,1.2149960786128122e-02,6.4780525029162761e-03,1.1634644391907978e-03,3.0673900619755390e-03,4.7159295490354358e-03,5.9136923688699050e-03,5.3987188257531016e-03,4.6728574782936572e-03,3.3015595172883883e-03,2.1641209831493313e-03,7.5539759373122184e-04
-5.2000000000000002e-01,6.6023090592143174e-02,6.8401290483594723e-02,2.6677994546484562e-02,1.8944720829405792e-04,1.2409489201133439e-02,1.8513568802738745e-02,1.6355914125729509e-02,1.0695900934952762e-02,5.5743712610190621e-03,9.7728211879910543e-04,2.6198636886324289e-03,4.0329081042217441e-03,4.9879708584434357e-03,4.5195643384189910e-03,3.8977254259513483e-03,2.7164104264228439e-03,1.7833111576810445e-03,6.0686962094724795e-04
-5.0000000000000000e-01,6.2216836293564948e-02,6.3442958553647733e-02,2.4744568224589703e-02,1.9978883550841875e-04,1.1361637893889998e-02,1.6469698993292869e-02,1.4371939804863954e-02,9.3701129031254493e-03,4.7809001089445524e-03,8.1601212890952679e-04,2.2322967770964097e-03,3.4331930582958692e-03,4.1913619196989882e-03,3.7688394768212730e-03,3.2368623274408037e-03,2.2269685056922617e-03,1.4626792574353176e-03,4.8547304944313030e-04
-4.7999999999999998e-01,5.8511983124883649e-02,5.8680588431099190e-02,2.2844632661044584e-02,1.8523808642134654e-04,1.0350972684309234e-02,1.4600056547036666e-02,1.2583556350644787e-02,8.1698227921814248e-03,4.0863031862722887e-03,6.7724921773337776e-04,1.8972125107893922e-03,2.9098521190907833e-03,3.5087855169929627e-03,3.1306658670575693e-03,2.6765116768086572e-03,1.8190833104908544e-03,1.1942966001429189e-03,3.8666757355554360e-04
-4.5999999999999996e-01,5.4918072591514600e-02,5.4121387037250057e-02,2.0991965543793123e-02,1.5370863369212895e-04,9.3850450203908919e-03,1.2896676580862632e-02,1.0977869714570099e-02,7.0901963434035764e-03,3.4801791379329150e-03,5.5861658876449338e-04,1.6080419365264165e-03,2.4557214837869767e-03,2.9263155309736111e-03,2.5904969657098986e-03,2.2038098794612826e-03,1.4804080233395966e-03,9.7086333242152323e-04,3.0659104641439505e-04
-4.3999999999999995e-01,5.1441477947285263e-02,4.9769675882056219e-02,1.9198359770296491e-02,1.1155873718909914e-04,8.4693190402880814e-03,1.1350748441536829e-02,9.5417336517512052e-03,6.1249295255108027e-03,2.9529851280222785e-03,4.5782788411097286e-04,1.3590003405606899e-03,2.0636924987557648e-03,2.4312395630260997e-03,2.1351685249066388e-03,1.8069595338581212e-03,1.2002247517107212e-03,7.8579042491655482e-04,2.4197338952319791e-04
-4.2000000000000004e-01,4.8085903268664687e-02,4.5627427211802629e-02,1.7473626895415983e-02,6.3825851745691331e-05,7.6074475561493937e-03,9.9529261384229684e-03,8.2620251191065086e-03,5.2667416947222434e-03,2.4959802293969546e-03,3.7272848817809789e-04,1.1449869092333698e-03,1.7269126843114657e-03,2.0120676484811639e-03,1.7528901821434184e-03,1.4753072185295091e-03,9.6927657783973942e-04,6.3322325284836944e-04,1.9005900571572587e-04
-4.0000000000000002e-01,4.4852832128861375e-02,4.1694706440635665e-02,1.5825658158196088e-02,1.4429848102737175e-05,6.8015462660204751e-03,8.6935795871213584e-03,7.1258597306389504e-03,4.5077777039416178e-03,2.1011794694200114e-03,3.0132093734841492e-04,9.6150169359848769e-04,1.4389190521723605e-03,1.6585039818168279e-03,1.4331962192214998e-03,1.1993537887023398e-03,7.7960781593672257e-04,5.0802604656713379e-04,1.4853703310974131e-04
-3.8000000000000000e-01,4.1741924594148272e-02,3.7970036694516984e-02,1.4260528184893984e-02,3.3650297731224743e-05,6.0524536534518614e-03,7.5629968004071735e-03,6.1207568295456594e-03,3.8399280827531856e-03,1.7613130460501503e-03,2.4177832144217648e-04,8.0457560559699104e-04,1.1937191886243759e-03,1.3613929011732639e-03,1.1668694278067493e-03,9.7071886099020510e-04,6.2441383444611365e-04,4.0574161105677575e-04,1.1547894533281422e-04
-3.5999999999999999e-01,3.8751364121559051e-02,3.4450699287047054e-02,1.2782628408456675e-02,7.8222658225934882e-05,5.3599691523042448e-03,6.5515451080917497e-03,5.2347622743368349e-03,3.2550776038214324e-03,1.4697874794660781e-03,1.9244878935320564e-04,6.7071039596627857e-04,9.8583301848437221e-04,1.1126479831390923e-03,9.4584868573532876e-04,7.8207590180334741e-04,4.9790150688111545e-04,3.2253678121485496e-04,8.9283063260170437e-05
-3.3999999999999997e-01,3.5878157605051308e-02,3.1132981811751920e-02,1.1394819310757143e-02,1.1774844667949980e-04,4.7230658320881469e-03,5.6497979680297239e-03,4.4565359014319128e-03,2.7452927204278388e-03,1.2206469849213031e-03,1.5185362321684659e-04,5.5682643684207278e-04,8.1030575190427223e-04,9.0517110291643554e-04,7.6312816631329827e-04,6.2707007995527198e-04,3.9516098169245506e-04,2.5514101283863333e-04,6.8625547480549720e-05
-3.1999999999999995e-01,3.3118392678343433e-02,2.8012383519457701e-02,1.0098592607044210e-02,1.5122567859449099e-04,4.1400764058425465e-03,4.8486327984292310e-03,3.7754096991932939e-03,2.3029578876784806e-03,1.0085343420675463e-03,1.1868081157162536e-04,4.6021675266477713e-04,6.6270036871929339e-04,7.3276666940741420e-04,6.1265396720375231e-04,5.0022768128055173e-04,3.1204908363421935e-04,2.0078317734578688e-04,5.2417421391670604e-05
-3.0000000000000004e-01,3.0467456711882862e-02,2.5083785864976116e-02,8.8942363481396003e-03,1.7808840563368622e-04,3.6088530494710336e-03,4.1393044025373749e-03,3.1814219374588504e-03,1.9208699382230465e-03,8.2865114838412413e-04,9.1775617288597511e-05,3.7850618140772285e-04,5.3907615794382413e-04,5.9005490345598322e-04,4.8922226470721197e-04,3.9686327669063992e-04,2.4508431891528959e-04,1.5712989359165097e-04,3.9767151898434383e-05
-2.8000000000000003e-01,2.7920221933531830e-02,2.2341594590245623e-02,7.7809975609627602e-03,1.9811979469497309e-04,3.1269025730684963e-03,3.5134978875154543e-03,2.6653318021388483e-03,1.5922986602203426e-03,6.7671769506946755e-04,7.0129285493492066e-05,3.0961485555888735e-04,4.3595830220868881e-04,4.7238694801921000e-04,3.8838179321376565e-04,3.1298885062694404e-04,1.9135317454971323e-04,1.2222746678205998e-04,2.9948298145732188e-05
-2.6000000000000001e-01,2.5471200892038692e-02,1.9779858455996058e-02,6.7572384616271519e-03,2.1137752639827090e-04,2.6914990800415706e-03,2.9633644412412341e-03,2.2186184644587548e-03,1.3110206460216489e-03,5.4893287806731528e-04,5.2866756094060996e-05,2.5172540594214921e-04,3.5030225449952934e-04,3.7576374220504860e-04,3.0634244942676081e-04,2.4522761169062934e-04,1.4842718538429778e-04,9.4448603806834841e-05,2.2371733112674930e-05
-2.3999999999999999e-01,2.3114676160470388e-02,1.7392368715380330e-02,5.8205834587456151e-03,2.1813014603067060e-04,2.2997765268923664e-03,2.4815428840858356e-03,1.8334679573987489e-03,1.0713324244788491e-03,4.4193461649935650e-04,3.9234022467748986e-05,2.0325343826291253e-04,2.7945566261353139e-04,2.9675992095701265e-04,2.3989106783786629e-04,1.9073411555789455e-04,1.1429008811694730e-04,7.2444447497044262e-05,1.6561949190835312e-05
-2.1999999999999997e-01,2.0844807803802767e-02,1.5172742607398537e-02,4.9680551321084065e-03,2.1880313094213566e-04,1.9488036590630253e-03,2.0611695313930978e-03,1.5027507312696808e-03,8.6804790573483115e-04,3.5276123920571778e-04,2.8585601868552635e-05,1.6282093241903883e-04,2.2111981743244691e-04,2.3245348694961310e-04,1.8631485759984523e-04,1.4712154409438072e-04,8.7274283422117405e-05,5.5102048858057806e-05,1.2136975668070038e-05
-1.9999999999999996e-01,1.8655721749336635e-02,1.3114493501139551e-02,4.1961981449348540e-03,2.1393355131288372e-04,1.6356437226712761e-03,1.6958785695300460e-03,1.2199923122716005e-03,6.9648428011312435e-04,2.7881424769540808e-04,2.0372445305089082e-05,1.2923228223785110e-04,1.7331199793060859e-04,1.8036161268106254e-04,1.4333259017004774e-04,1.1239643175831038e-04,6.6005775972682867e-05,4.1507121286171733e-05,8.7914614090578436e-06
-1.8000000000000005e-01,1.6541581824009305e-02,1.1211089812246791e-02,3.5011906508118917e-03,2.0413230182017572e-04,1.3574011931476726e-03,1.3797948533942894e-03,9.7933908954303539e-04,5.5243973247928735e-04,2.1782279116611125e-04,1.4130507618587140e-05,1.0145273882206096e-04,1.3432962589773889e-04,1.3838264444437920e-04,1.0903334730860692e-04,8.4900753677452645e-05,4.9356748577172871e-05,3.0911752306933549e-05,6.2825075390071650e-06
-1.6000000000000003e-01,1.4496647872509288e-02,9.4560044129439469e-03,2.8789432144242927e-03,1.9005297375011831e-04,1.1112575580793371e-03,1.1075207697147926e-03,7.7552090461144307e-04,4.3216566088102870e-04,1.6781010972788390e-04,9.4701162929172744e-06,7.8589051537444887e-05,1.0271679792354937e-04,1.0474417518134549e-04,8.1822452333735196e-05,6.3261043904444536e-05,3.6404941553713766e-05,2.2706654966134221e-05,4.4178702966468641e-06
-1.4000000000000001e-01,1.2515322051121464e-02,7.8427559432373700e-03,2.3251856020685691e-03,1.7236652250968154e-04,8.9449796925451797e-04,8.7411857417746264e-04,6.0381180952739921e-04,3.3233551801406525e-04,1.2706212402310846e-04,6.0662152199103536e-06,5.9872121986090376e-05,7.7233507169774396e-05,7.7956912657883848e-05,6.0374091283108000e-05,4.6344062491765481e-05,2.6399044210922984e-05,1.6397499452883157e-05,3.0461913083368319e-06
-1.2000000000000000e-01,1.0592185106748420e-02,6.3649431847380561e-03,1.8355420356428731e-03,1.5174096532814818e-04,7.0453035528088293e-04,6.7508939870403184e-04,4.5999009312601424e-04,2.5001191721731042e-04,9.4098278069096319e-05,3.6495130584235369e-06,4.4641501608266854e-05,5.6827682948776270e-05,5.6773978538926517e-05,4.3590066856211140e-05,3.3218448915947607e-05,1.8729354991101066e-05,1.1584858564644973e-05,2.0489499494291685e-06
-9.9999999999999978e-02,8.7220241984720531e-03,5.0162734646768958e-03,1.4055956617532034e-03,1.2882541888228904e-04,5.3889837199606883e-04,5.0634993620589375e-04,3.4029844541860754e-04,1.8261325121642080e-04,6.7644679908773764e-05,1.9985318226861670e-06,3.2331575307228966e-05,4.0610045975469911e-05,4.0155220899618094e-05,3.0564102525706960e-05,2.3121766977704516e-05,1.2903025190261208e-05,7.9473160477100402e-06,1.3338687153141571e-06
-7.9999999999999960e-02,6.8998535984886311e-03,3.7905859040994958e-03,1.0309430827244170e-03,1.0423785686332343e-04,3.9528936952574339e-04,3.6420764236467368e-04,2.4140493458242596e-04,1.2788075091954565e-04,4.6609532454854052e-05,9.3252721615477707e-07,2.2459283284398390e-05,2.7831688268607768e-05,2.7236098088467831e-05,2.0551115705140510e-05,1.5432347072130703e-05,8.5232636938964434e-06,5.2273157991611363e-06,8.2953682593173150e-07
-6.0000000000000053e-02,5.1209294175780309e-03,2.6818702018523433e-03,7.0723984262866663e-04,7.8556033072496589e-05,2.7153837554366733e-04,2.4533514584111626e-04,1.6036530609660898e-04,8.3846652783686748e-05,3.0060804970026556e-05,3.0523565306556089e-07,1.4613241897429297e-05,1.7864229086006489e-05,1.7300687717165808e-05,1.2940899168506492e-05,9.6453543532229458e-06,5.2719439224205300e-06,3.2193661966203879e-06,4.8104917815122716e-07
-4.0000000000000036e-02,3.3807593347326796e-03,1.6842815471927522e-03,4.3023777125426529e-04,5.2311076858092137e-05,1.6562893498144396e-04,1.4674442877420438e-04,9.4586975532977985e-05,4.8803937244028955e-05,1.7206062941043515e-05,6.0751306416029216e-10,8.4441326962531038e-06,1.0182363557049989e-05,9.7583852402306770e-06,7.2356821155979134e-06,5.3525476134685945e-06,2.8951164191166889e-06,1.7602533562803557e-06,2.4648662576634561e-07
-2.0000000000000018e-02,1.6751081678585932e-03,7.9215217359502287e-04,1.9581507158394386e-04,2.5983324205020725e-05,7.5691507080489703e-05,6.5761226691793059e-05,4.1794972520657267e-05,2.1277938479783570e-05,7.3743501482793905e-06,7.8040151771374688e-08,3.6562368125169636e-06,4.3486029868075593e-06,4.1238770618866327e-06,3.0310818308360715e-06,2.2252375030205190e-06,1.1909900357112702e-06,7.2095686972327433e-07,9.4089599118885037e-08
0.0000000000000000e+00,9.6102795114447480e-16,1.4415419267167124e-15,2.8830838534334260e-15,2.5627412030519341e-15,0.0000000000000000e+00,3.2034265038149147e-16,9.6102795114447421e-16,1.9220559022889480e-15,4.1644544549593832e-15,1.9220559022889480e-15,6.7271956580113047e-15,6.4068530076298274e-16,2.8830838534334205e-15,5.7661677068668354e-15,9.2899368610632230e-15,0.0000000000000000e+00,4.4847971053408877e-15,1.2813706015259653e-15
2.0000000000000018e-02,1.6482825295763334e-03,6.9746524956456474e-04,1.6101106084903671e-04,2.5265585299309029e-05,6.3033080141522424e-05,5.2660253686854022e-05,3.2531302437936380e-05,1.6116745563355891e-05,5.3917572368552408e-06,1.7712998216616593e-07,2.7344782911383619e-06,3.1633456399286081e-06,2.9368705631131753e-06,2.1209380880043982e-06,1.5332512268220744e-06,8.0336800999808444e-07,4.8199798822687323e-07,5.3533559229643202e-08
4.0000000000000036e-02,3.2732012500633623e-03,1.3053381039504486e-03,2.9084039372296103e-04,4.9493617762366715e-05,1.1486247682029882e-04,9.4099147215042506e-05,5.7303862312511195e-05,2.7999466095038339e-05,9.1975298554397567e-06,4.1049504703738471e-07,4.7231305928471801e-06,5.3881964191641873e-06,4.9492295062132652e-06,3.5427595930989653e-06,2.5411838603453529e-06,1.3172827254791242e-06,7.8676681572464879e-07,7.9574654358871566e-08
6.0000000000000053e-02,4.8779673573526930e-03,1.8285152764706200e-03,3.9291992180418012e-04,7.2416394745374035e-05,1.5681671240962147e-04,1.2597687113086870e-04,7.5619463236489826e-05,3.6435635278865564e-05,1.1746982715332699e-05,6.6820143571066914e-07,6.1128723318343292e-06,6.8766857707833196e-06,6.2489410832533565e-06,4.4336523928462102e-06,3.1552636278048274e-06,1.6180450186295547e-06,9.6199793141182877e-07,8.7614670435387509e-08
8.0000000000000071e-02,6.4655478095054786e-03,2.2716952010562452e-03,4.7048574846277058e-04,9.3816190500126129e-05,1.9010504657879929e-04,1.4975488871860065e-04,8.8599873107872429e-05,4.2091037048164193e-05,1.3312675461570056e-05,9.2715272763388423e-07,7.0259012303619528e-06,7.7935962506936463e-06,7.0060904630991905e-06,4.9268833054103012e-06,3.4785353102209648e-06,1.7645461578563726e-06,1.0442691893916556e-06,8.4444903084013312e-08
1.0000000000000009e-01,8.0386728997572515e-03,2.6393789343160112e-03,5.2657570549992372e-04,1.1352255913203713e-04,2.1582466295130831e-04,1.6671530699133297e-04,9.7207892218301173e-05,4.5525877825636218e-05,1.4118654296665922e-05,1.1712383571893525e-06,7.5634206456176578e-06,8.2725625242252576e-06,7.3564199613435077e-06,5.1273686214742265e-06,3.5911977465524769e-06,1.8018824281262891e-06,1.0614032419642427e-06,7.4834159938252931e-08
1.2000000000000011e-01,9.5998447356882288e-03,2.9358722118659752e-03,5.6402941349763258e-04,1.3140923293127049e-04,2.3496792614823014e-04,1.7797890393823901e-04,1.0226642110561235e-04,4.7209130847922220e-05,1.4347924323962480e-05,1.3898273793083726e-06,7.8088553097238611e-06,8.4213394858506652e-06,7.4075545094670625e-06,5.1171068347344306e-06,3.5551701153963000e-06,1.7642743671830718e-06,1.0343616081570639e-06,6.2051859386902386e-08
1.3999999999999990e-01,1.1151346394757761e-02,3.1652884712127516e-03,5.8549041478903052e-04,1.4739074896996662e-04,2.4842958676007942e-04,1.8452181804946843e-04,1.0447566086264903e-04,4.7531245401938316e-05,1.4148922042989120e-05,1.5765250872129544e-06,7.8306212139556131e-06,8.3262611131895703e-06,7.2441953811591686e-06,4.9596544393487596e-06,3.4178177322347070e-06,1.6774149503157032e-06,9.7875956331372471e-07,4.8269003724565884e-08
1.5999999999999992e-01,1.2695251561990875e-02,3.3315526749354146e-03,5.9340999265088124e-04,1.6141891465761005e-04,2.5701384079812595e-04,1.8719092612673460e-04,1.0442856641579290e-04,4.6815356771395811e-05,1.3641099338351781e-05,1.7281545378750041e-06,7.6845050225177181e-06,8.0560016517544630e-06,6.9324380383289919e-06,4.7037998540944148e-06,3.2149802806358263e-06,1.5603506000883005e-06,9.0607259947694807e-07,3.4863204448343232e-08
1.7999999999999994e-01,1.4233434486094612e-02,3.4384057872131196e-03,5.9005233921802236e-04,1.7347920342627998e-04,2.6144117393706034e-04,1.8671795062878693e-04,1.0262467722546575e-04,4.5327131625999550e-05,1.2919721787310601e-05,1.8439293635041931e-06,7.4157025163473778e-06,7.6647377155319996e-06,6.5233490333105326e-06,4.3865679102972344e-06,2.9734231527522859e-06,1.4269814812700732e-06,8.2459289438285843e-07,2.2648763697841190e-08
1.9999999999999996e-01,1.5767580116611724e-02,3.4894097740426899e-03,5.7750077939219824e-04,1.8358715477734266e-04,2.6235493996684678e-04,1.8373234913998671e-04,9.9482450397370137e-05,4.3283379689701418e-05,1.2059975306205617e-05,1.9247881537232114e-06,7.0605601773798821e-06,7.1947977524911000e-06,6.0559183769626213e-06,4.0356673467745185e-06,2.7128135634546524e-06,1.2872526365947934e-06,7.4018403958819867e-07,1.2048545577902914e-08
2.1999999999999997e-01,1.7299194307161314e-02,3.4879530131909364e-03,5.5766479838625926e-04,1.9178483812243297e-04,2.6032763841887796e-04,1.7877304645402825e-04,9.5350219494944044e-05,4.0859556482697457e-05,1.1120466660713424e-05,1.9728645049843507e-06,6.6480589948347824e-06,6.6788744332579864e-06,5.5594872858388822e-06,3.6714765617451572e-06,2.4473065563523910e-06,1.1480951181974675e-06,6.5687351599730270e-07,3.2209911404734726e-09
2.3999999999999999e-01,1.8829613989229832e-02,3.4372560140155661e-03,5.3228765692964197e-04,1.9813742718627347e-04,2.5586686865061714e-04,1.7229907504465181e-04,9.0515898674037309e-05,3.8196274663948593e-05,1.0146194969307132e-05,1.9910701543612852e-06,6.2010750825347571e-06,6.1418655983858095e-06,5.0557367320125390e-06,3.3086478907762285e-06,2.1868119919887796e-06,1.0141656543727340e-06,5.7731528299576063e-07,3.8472356966856580e-09
2.6000000000000001e-01,2.0360017237583627e-02,3.3403773600713949e-03,5.0295441048961442e-04,2.0272992077202678e-04,2.4942094755087130e-04,1.6469919268277677e-04,8.5215546799854991e-05,3.5404933335703159e-05,9.1710634858022111e-06,1.9827717589182559e-06,5.7374475282145898e-06,5.6024006146182526e-06,4.5603095706892027e-06,2.9573978559127578e-06,1.9380016283154777e-06,8.8842472423245056e-07,5.0314874996959524e-07,9.2746993696213309e-09
2.8000000000000003e-01,2.1891433162659152e-02,3.2002197988799386e-03,4.7110017762236334e-04,2.0566403647104270e-04,2.4138418570013309e-04,1.5630054721627040e-04,7.9640900302546669e-05,3.2572566212335508e-05,8.2199934549609388e-06,1.9515446134377168e-06,5.2708802136813837e-06,5.0741011154986637e-06,4.0841279987935408e-06,2.6245398430102540e-06,1.7051052683680901e-06,7.7258547612202300e-07,4.3527550350197508e-07,1.3238271784343780e-08
3.0000000000000004e-01,2.3424751577609232e-02,3.0195364135700842e-03,4.3801852786479190e-04,2.0705529603831652e-04,2.3210182282884517e-04,1.4737645838280855e-04,7.3945976924810752e-05,2.9766000980369078e-05,7.3106948791368254e-06,1.9009890435683907e-06,4.8117010447157327e-06,4.5666182031667280e-06,3.6344585893355319e-06,2.3143062547748006e-06,1.4905364226214246e-06,6.6745992144401356e-07,3.7407104361286692e-07,1.5940888914434126e-08
3.2000000000000006e-01,2.4960732398138119e-02,2.8009368204311436e-03,4.0486988172991345e-04,2.0703031455926446e-04,2.2187462803982538e-04,1.3815338521760978e-04,6.8252845746880064e-05,2.7035413677711784e-05,6.4551427287895535e-06,1.8345974455713510e-06,4.3674989759212579e-06,4.0864821456987332e-06,3.2157689137668477e-06,2.0289993060695899e-06,1.2953807285998042e-06,5.7322380753177526e-07,3.1954538318168524e-07,1.7590059742111919e-08
3.4000000000000008e-01,2.6500014742348366e-02,2.5468933446933517e-03,3.7268983473148776e-04,2.0572430011403520e-04,2.1096317366958717e-04,1.2881714557144708e-04,6.2656651758197235e-05,2.4417353850864076e-05,5.6608011886616350e-06,1.7556617893654813e-06,3.9436566345307789e-06,3.6377952856714302e-06,2.8304127024092463e-06,1.7695028557973558e-06,1.1197743881585787e-06,4.8961740911623863e-07,2.7146367923003289e-07,1.8384238825719379e-08
3.6000000000000010e-01,2.8043125705528804e-02,2.2597471343077657e-03,3.4239733414256901e-04,2.0327876614778528e-04,1.9959179421608075e-04,1.1951845154659080e-04,5.7229976297035190e-05,2.1937308488206853e-05,4.9316333110560606e-06,1.6672130939698881e-06,3.5437939926996620e-06,3.2227942891316363e-06,2.4791745399099785e-06,1.5356820275147509e-06,9.6319489190088703e-07,4.1609613385396038e-07,2.2943575453404641e-07,1.8504802218322070e-08
3.7999999999999989e-01,2.9590488791393643e-02,1.9417141781399583e-03,3.1480265165290122e-04,1.9983945510418377e-04,1.8795224355319662e-04,1.1037782150274955e-04,5.2026607836402894e-05,1.9611865467894507e-05,4.2689286232355794e-06,1.5719858337814863e-06,3.1701364126557330e-06,2.8423038950786683e-06,2.1616998691076361e-06,1.3266926434662984e-06,8.2468213175035388e-07,3.5194202591126711e-07,1.9298159631420120e-07,1.8111925320640765e-08
3.9999999999999991e-01,3.1142431986956154e-02,1.5948912008349470e-03,2.9061510756422937e-04,1.9555446901686757e-04,1.7620706481341619e-04,1.0148992591640926e-04,4.7084790956386513e-05,1.7450530573281942e-05,3.6719769586635032e-06,1.4724014274491992e-06,2.8238186489670802e-06,2.4961008588397782e-06,1.8768318189588129e-06,1.1412184975911899e-06,7.0300456772587339e-07,2.9634502318742761e-07,1.6157841858932542e-07,1.7343159963711940e-08
4.1999999999999993e-01,3.2699195472929821e-02,1.2212614118763399e-03,2.7045051274815490e-04,1.9057260042565360e-04,1.6449268809221040e-04,9.2927420758226464e-05,4.2430015085026529e-05,1.5457245886585369e-05,3.1386129952792885e-06,1.3705660885099391e-06,2.5051346947413400e-06,2.1832038880620352e-06,1.6228726138489691e-06,9.7765122009096928e-07,5.9678231045801056e-07,2.4846100349362743e-07,1.3469367776686170e-07,1.6313732198458553e-08
4.3999999999999995e-01,3.4260938965677445e-02,8.2270009087043183e-04,2.5483830366673788e-04,1.8504185531559303e-04,1.5292227140029091e-04,8.4744318458007672e-05,3.8077398578584276e-05,1.3631651775314335e-05,2.6656525257684471e-06,1.2682791345475231e-06,2.2137420567225341e-06,1.9021027782839539e-06,1.3977843030810178e-06,8.3422469299154756e-07,5.0457661909808493e-07,2.0745211964934285e-07,1.1180754078132793e-07,1.5117959384358670e-08
4.5999999999999996e-01,3.5827748690057781e-02,4.0097999518950989e-04,2.4422835332682524e-04,1.7910815843336092e-04,1.4158830043570214e-04,7.6978942842920173e-05,3.4033718199155683e-05,1.1970129508931393e-05,2.2492385808869919e-06,1.1670486848580630e-06,1.9488277422374800e-06,1.6509378581996970e-06,1.1993408782218218e-06,7.0911376603977061e-07,4.2495346808113510e-07,1.7251382222749356e-07,9.2427447195841950e-08,1.3831263356856027e-08
4.7999999999999998e-01,3.7399643985410236e-02,4.2223420414599921e-05,2.3899744746735951e-04,1.7291423047582910e-04,1.3056496253488481e-04,6.9656510887694534e-05,3.0299128835398204e-05,1.0466656922281103e-05,1.8851128512076265e-06,1.0681122779576668e-06,1.7092421978337491e-06,1.4276389975198533e-06,1.0252416797196240e-06,6.0050509015363573e-07,3.5652719126977317e-07,1.4289194644190317e-07,7.6096868195651979e-08,1.2512459457436620e-08
5.0000000000000000e-01,3.8976583549308053e-02,5.0532697958749484e-04,2.3945542060777036e-04,1.6659862608647824e-04,1.1991030980895712e-04,6.2791380673665742e-05,2.6868613495656390e-05,9.1135054366975332e-06,1.5688255348145219e-06,9.7246045788201840e-07,1.4936065699799883e-06,1.2300318588676085e-06,8.7319424452170225e-07,5.0664637979425109e-07,2.9798908002254265e-07,1.1789249493299181e-07,6.2399875211394118e-08,1.1206133299079823e-08
5.2000000000000002e-01,4.0558471325621903e-02,9.8683496020435246e-04,2.4585095095730480e-04,1.6029492125430034e-04,1.0966822607383353e-04,5.6389001578782683e-05,2.3733199264741600e-05,7.9018029608413087e-06,1.2958947974150981e-06,8.8086186111890896e-07,1.3003977710757120e-06,1.0559177813784792e-06,7.4097311508758423e-07,4.2587912929548111e-07,2.4812466425938595e-07,9.6886158984510473e-08,5.0962742026428032e-08,9.9449086188307945e-09
5.4000000000000004e-01,4.2145162045050311e-02,1.4853344726980522e-03,2.5837701678488312e-04,1.5413103864486688e-04,9.9870211590968871e-05,5.0447599598602011e-05,2.0880970846848257e-05,6.8219839650107694e-06,1.0619252415744462e-06,7.9388865770191330e-07,1.1280152116821540e-06,9.0313258294116849e-07,6.2645999127086682e-07,3.5665881814583855e-07,2.0582267001856280e-07,7.9309143363737178e-08,4.1453476651298615e-08,8.7515595326159712e-09
5.6000000000000005e-01,4.3736466427586496e-02,1.9994910414071754e-03,2.7717601978671791e-04,1.4822869950126272e-04,9.0536999010681907e-05,4.4959627720941864e-05,1.8297909661735279e-05,5.8641450837448872e-06,8.6269329158117358e-07,7.1194151307629738e-07,9.7483244732021745e-07,7.6958857808673287e-07,5.2766950076055252e-07,2.9756573122208252e-07,1.7007797076251663e-07,6.4661437815249911e-08,3.3580028924173888e-08,7.6409131799515251e-09
5.8000000000000007e-01,4.5332156057326989e-02,2.5280443877814252e-03,3.0234458322375701e-04,1.4270299093582794e-04,8.1680013326257406e-05,3.9913008423153595e-05,1.5968583198522346e-05,5.0183219831856363e-06,6.9420613652004803e-07,6.3527348470593381e-07,8.3923645938233093e-07,6.5330342186031842e-07,4.4276402649812141e-07,2.4730893460889192e-07,1.3999025683109068e-07,5.2503453862318139e-08,2.7087624976385172e-08,6.6214944083320404e-09
6.0000000000000009e-01,4.6931967940892494e-02,3.0698044130008650e-03,3.3393803450848525e-04,1.3766203783827091e-04,7.3302687873144645e-05,3.5292192836156033e-05,1.3876706266513494e-05,4.2747010480237435e-06,5.5273970850366894e-07,5.6401241238512867e-07,7.1965688691610907e-07,5.5241862839672251e-07,3.7006036229803030e-07,2.0472530470883044e-07,1.1475986333442378e-07,4.2451660464681851e-08,2.1755663270894843e-08,5.6969556294639290e-09
6.2000000000000011e-01,4.8535608761232085e-02,3.6236473763524013e-03,3.7197458318466436e-04,1.3320676900407946e-04,6.5401647830642951e-05,3.1079058611382937e-05,1.2005593167163653e-05,3.6237773775038562e-06,4.3486029427386441e-07,4.9818158692760406e-07,6.1458711642092823e-07,4.6521015839573465e-07,3.0803034017923281e-07,1.6877515324198455e-07,9.3681705060078002e-08,3.4173691210170887e-08,1.7394385098956633e-08,4.8672761931989328e-09
6.3999999999999990e-01,5.0142758839029300e-02,4.1885122648566697e-03,4.1643920633777087e-04,1.2943076760446592e-04,5.7967771915135025e-05,2.7253666350757211e-05,1.0338517372587841e-05,3.0564689248446797e-06,3.3743350524861881e-07,4.3771852159535385e-07,5.2259884975036641e-07,3.9009296243230906e-07,2.5529715969030420e-07,1.3853556651843846e-07,7.6138134685876935e-08,2.7383275758019465e-08,1.3841546908643920e-08,4.1297495978476206e-09
6.5999999999999992e-01,5.1753075814169658e-02,4.7633973488688808e-03,4.6728725414518779e-04,1.2642019664554915e-04,5.0987142343361658e-05,2.3794892385409216e-05,8.8589931478422201e-06,2.5641950452404139e-06,2.5762369804116503e-07,3.8249178624383262e-07,4.4235148027871318e-07,3.2562100404920358e-07,2.1062874877575410e-07,1.1319235737605737e-07,6.1591273470273933e-08,2.1835216412746661e-08,1.0959193108561749e-08,3.4797876247161241e-09
6.7999999999999994e-01,5.3366198059847214e-02,5.3473569178009162e-03,5.2444778870514019e-04,1.2425379062519504e-04,4.4441892457058874e-05,2.0680953781826439e-05,7.5509916672156230e-06,2.1389264743820746e-06,1.9288633829050994e-07,3.3231592078131200e-07,3.7259737778461144e-07,2.7048401129992072e-07,1.7292917958711129e-07,9.2031259169012003e-08,4.9575212657249068e-08,1.7320574086099327e-08,8.6306221613874357e-09,2.9115745925345493e-09
6.9999999999999996e-01,5.4981747841923001e-02,5.9394981896885857e-03,5.8782666955498053e-04,1.2300290517369694e-04,3.8310960793597193e-05,1.7889839763585158e-05,6.3991024660814411e-06,1.7732125890401740e-06,1.4095531758462343e-07,2.8696449083653874e-07,3.1218400536880964e-07,2.2350188605413379e-07,1.4122892194601278e-07,7.4428870511233924e-08,3.9688373643098629e-08,1.3662158515614919e-08,6.7575902096272955e-09,2.4185635716378329e-09
7.1999999999999997e-01,5.6599334236069665e-02,6.5389783880075436e-03,6.5730939932590049e-04,1.2273161704118296e-04,3.2570759763039803e-05,1.5399662158854799e-05,5.3886495778310284e-06,1.4601908572831057e-06,9.9826841737371552e-08,2.4618138577681137e-07,2.6005359865521882e-07,1.8361756820572950e-07,1.1467453714386622e-07,5.9843658861691296e-08,3.1586216919787802e-08,1.0710391074031378e-08,5.2577631692862781e-09,1.9938727890966845e-09
7.3999999999999999e-01,5.8218555815094220e-02,7.1450019789324193e-03,7.3276374289427126e-04,1.2349686738849508e-04,2.7195766514276354e-05,1.3188936044905564e-05,4.5057703874085142e-06,1.1935825562359170e-06,6.7741147302680105e-08,2.0969046882202136e-07,2.1524103244185966e-07,1.4988891999800913e-07,9.2518231520344330e-08,4.7807285075140982e-08,2.4974423695756087e-08,8.3395422234566752e-09,4.0624478225836924e-09,1.6305750083489556e-09
7.6000000000000001e-01,5.9839003118622169e-02,7.7568180621079841e-03,8.1404213321439878e-04,1.2534864188723516e-04,2.2159043027880632e-05,1.1236800505909361e-05,3.7374640752263488e-06,9.6767811358366984e-07,4.3163042695582021e-08,1.7720372813556651e-07,1.7687037068281342e-07,1.2148008271539723e-07,7.4107606773399226e-08,3.7916387807257479e-08,1.9602613088309795e-08,6.4443719804962996e-09,3.1145748202732193e-09,1.3219099703754011e-09
7.8000000000000003e-01,6.1460260917053589e-02,8.3737179079627078e-03,9.0098387669157454e-04,1.2833018168073584e-04,1.7432691953589430e-05,9.5231882203394846e-06,3.0716155104415499e-06,7.7731483255627509e-07,2.4762056127780596e-08,1.4842806145276555e-07,1.4415047383531387e-07,9.7652675057346983e-08,5.8875798458757345e-08,2.9824947678225300e-08,1.5258621643976511e-08,4.9371433608058624e-09,2.3669263216063996e-09,1.0614420453691764e-09
8.0000000000000004e-01,6.3081910281418352e-02,8.9950326346001641e-03,9.9341717062012558e-04,1.3247821981238195e-04,1.2988254200319016e-05,8.0289515787534960e-06,2.4969995695012237e-06,6.1784924010321873e-07,1.1392732479631462e-08,1.2307084418239356e-07,1.1637000268960307e-07,7.7757060512606557e-08,4.6332164604923065e-08,2.3237266388864697e-08,1.1763361618122303e-08,3.7449999767957820e-09,1.7805950602856058e-09,8.4314494275261609e-10
8.2000000000000006e-01,6.4703530470404391e-02,9.6201310174053867e-03,1.0911609447769588e-03,1.3782323820454856e-04,8.7970538376613838e-06,6.7359520823928598e-06,2.0032700702721229e-06,4.8512588590732264e-07,2.0755329122046362e-09,1.0084439944213486e-07,9.2892066205774171e-08,6.1223878355942674e-08,3.6053622698428711e-08,1.7901575555256954e-08,8.9662288149661151e-09,2.8076829194922936e-09,1.3236535201244237e-09,6.6146860211446779e-10
8.4000000000000008e-01,6.6324700645478019e-02,1.0248417424583267e-02,1.1940265388068472e-03,1.4438974077651823e-04,4.8304954190503402e-06,5.6271189235457264e-06,1.5809368592578643e-06,3.7544402459177562e-07,4.0213823937484960e-09,8.1469532231537301e-08,7.3148700929781540e-08,4.7555962501277804e-08,2.7676656855213366e-08,1.3604284032631142e-08,6.7410377835308566e-09,2.0755475671485613e-09,9.7000241172651158e-10,5.1136617162939046e-10
8.6000000000000010e-01,6.7945001424633944e-02,1.0879329872028831e-02,1.3018192265545903e-03,1.5219653872056149e-04,1.0603184361634987e-06,4.6864819153169535e-06,1.2213339967148684e-06,2.8552334419007508e-07,7.5992798165280817e-09,6.4678222777558858e-08,5.6635340195398953e-08,3.6320737639705669e-08,2.0890036922516231e-08,1.0164833863512968e-08,4.9824536163534106e-09,1.5078442938687431e-09,6.9840283556388272e-10,3.8829994775113619e-10
8.7999999999999989e-01,6.9564016284893782e-02,1.1512338191087046e-02,1.4143395979590578e-03,1.6125704439606814e-04,2.5411867676794486e-06,3.8991832362889056e-06,9.1658149842244185e-07,2.1246960330012499e-07,9.2447531296890872e-09,5.0215622493521295e-08,4.2905372588109003e-08,2.7143141900776158e-08,1.5428223809621500e-08,7.4311254927295067e-09,3.6028655614472882e-09,1.0712666864698406e-09,4.9163839666022113e-10,2.8822877418122061e-10
8.9999999999999991e-01,7.1181332823306409e-02,1.2146942302984853e-02,1.5313848086714321e-03,1.7157957069358076e-04,6.0009976647901198e-06,3.2514718990572788e-06,6.5954263828160720e-07,1.5374088857544876e-07,9.4443484144335343e-09,3.7841440536645621e-08,3.1564894475977212e-08,1.9699095910041819e-08,1.1065439009527722e-08,5.2754934865006931e-09,2.5296706951394299e-09,7.3870087824445818e-10,3.3581237790514251e-10,2.0758428309619603e-10
9.1999999999999993e-01,7.2796543885752185e-02,1.2782670593929901e-02,1.6527497069707131e-03,1.8316763308612316e-04,9.3452091591839093e-06,2.7306842959040623e-06,4.4377847441268159e-07,1.0711497466786568e-07,8.5978882902182363e-09,2.7330815832726785e-08,2.2267698573941175e-08,1.3709522517224570e-08,7.6103812141070648e-09,3.5911558171619617e-09,1.7029343490904125e-09,4.8816206632551484e-10,2.1975543607055670e-10,1.4324119668174262e-10
9.3999999999999995e-01,7.4409248572460784e-02,1.3419078385102812e-02,1.7782278470843682e-03,1.9602025194398465e-04,1.2598910825167842e-05,2.3252137022478081e-06,2.6350092785509815e-07,7.0658171869020236e-08,7.0305127275460677e-09,1.8474774488019818e-08,1.4710545559459831e-08,8.9349185827813926e-09,4.9015332903579178e-09,2.2891279982673041e-09,1.0733738342594279e-09,3.0190361322013359e-10,1.3454282132840945e-10,9.2489016445540528e-11
9.5999999999999996e-01,7.6019053128723590e-02,1.4055746491999921e-02,1.9076123974725023e-03,2.1013225296018234e-04,1.5786088717439917e-05,2.0244712223282946e-06,1.1352549456056238e-07,4.2695887048083137e-08,5.0034717480329505e-09,1.1080345196923247e-08,8.6287325062883724e-09,5.1704527326279504e-09,2.8029956133934775e-09,1.2955287953531069e-09,6.0061500217756247e-10,1.6567014426982496e-10,7.3064554406698790e-11,5.2986171006352834e-11
9.7999999999999998e-01,7.7625571728901055e-02,1.4692279867875913e-02,2.0406969521773455e-03,2.2549456389120426e-04,1.8929549013280145e-05,1.8188402904906198e-06,1.0775579206701025e-08,2.1785078962999194e-08,2.7237441191374501e-09,4.9703857696314913e-09,3.7919963835619797e-09,2.2415529432606718e-09,1.2008593008872026e-09,5.4926374559727265e-10,2.5173485518337202e-10,6.8059446967083659e-11,2.9694691150439212e-11,2.2724822024144942e-11
1.0000000000000000e+00,7.9228427161387116e-02,1.5328306326219732e-02,2.1772762528085021e-03,2.4209450601375693e-04,2.2050860932987248e-05,1.6996265129742838e-06,1.1351900552902805e-07,6.6886881588956726e-09,3.5255043329129876e-10,1.6807333302892857e-11,7.2408745666052710e-13,2.8865798640254070e-14,2.1094237467877974e-15,6.3282712403633923e-15,9.1038288019262836e-15,4.4408920985006262e-16,3.9968028886505635e-15,1.3322676295501878e-15
1.0200000000000000e+00,8.0827251421819013e-02,1.5963475337501087e-02,2.3171468282909835e-03,2.5991607897968283e-04,2.5170316666378589e-05,1.6590043581121705e-06,1.9835453046734841e-07,3.6479450571391681e-09,1.9871791989700682e-09,4.0280538904369223e-09,2.9175163396288895e-09,1.6797172541771488e-09,8.7870843934467757e-10,3.9351888414529412e-10,1.7622747705559050e-10,4.5684567240300566e-11,1.9473977985740021e-11,1.6638690425452296e-11
1.0400000000000000e+00,8.2421686221434309e-02,1.6597456895638851e-02,2.4601075590525712e-03,2.7894023795627110e-04,2.8306906199482285e-05,1.6899619648125253e-06,2.6850704692993332e-07,1.0118678228643319e-08,4.2042676007270074e-09,7.1959712633073991e-09,5.1111357368682775e-09,2.9032225512537480e-09,1.5007948217515832e-09,6.6500904782884618e-10,2.9430091696980298e-10,7.4636741231870474e-11,3.1431968139372657e-11,2.8395286122417929e-11
1.0600000000000001e+00,8.4011383417081031e-02,1.7229940449896342e-02,2.6059601718677605e-03,2.9914516213203068e-04,3.1478305169807541e-05,1.7862451078265451e-06,3.2681646511267815e-07,1.3476237681331327e-08,6.2336257267148198e-09,9.6397528848157776e-09,6.7073916421023227e-09,3.7592744472902950e-09,1.9203015844126980e-09,8.4184226256667216e-10,3.6813285753112268e-10,9.1266771917730694e-11,3.7947534003990313e-11,3.6289193872107717e-11
1.0800000000000001e+00,8.5596005369064310e-02,1.7860633898151401e-02,2.7545096711907302e-03,3.2050651386850149e-04,3.4700874034232498e-05,1.9423011989871952e-06,3.7577520195508640e-07,1.4350030164145267e-08,8.0313616868110671e-09,1.1465994598225393e-08,7.8149692273044025e-09,4.3220308443281397e-09,2.1815785844481184e-09,9.4614416301652682e-10,4.0877601303890287e-10,9.8987040786369107e-11,4.0611625173880839e-11,4.1156411612064403e-11
1.1000000000000001e+00,8.7175225232596576e-02,1.8489262637703008e-02,2.9055647123900075e-03,3.4299768789081142e-04,3.7989667003857086e-05,2.1532240085386789e-06,4.1756317892271966e-07,1.3262198783614565e-08,9.5705919855859634e-09,1.2769567847570329e-08,8.5263152094228190e-09,4.6531839492658378e-09,2.3208317490031050e-09,9.9569319456094263e-10,4.2495984509116624e-10,1.0042722209391286e-10,4.0627279318528053e-11,4.3688497264326998e-11
1.1200000000000001e+00,8.8748727188340593e-02,1.9115568670002969e-02,3.0589379219244650e-03,3.6659005010653001e-04,4.1358449340722636e-05,2.4146996762119954e-06,4.5408031101867863e-07,1.0642025594087556e-08,1.0837878150482538e-08,1.3634487205926860e-08,8.9197105257454723e-09,4.8038003575001653e-09,2.3674527893646768e-09,1.0046780074546291e-09,4.2352665818867763e-10,9.7584829106267534e-11,3.8896885712347284e-11,4.4450998437639555e-11
1.1400000000000001e+00,9.0316206617163775e-02,1.9739309755934187e-02,3.2144461691664405e-03,3.9125316572563573e-04,4.4819721784161715e-05,2.7229544546925055e-06,4.8697649313034219e-07,6.8387846496875682e-09,1.1830217028219181e-08,1.4134786230357577e-08,9.0611357306258355e-09,4.8159182197693440e-09,2.3451502961790993e-09,9.8434604911545875e-10,4.0979664106544078e-10,9.1963547887985442e-11,3.6084912835576688e-11,4.3900327817425477e-11
1.1600000000000001e+00,9.1877370223937715e-02,2.0360258618438265e-02,3.3719107942082882e-03,4.1695501649274824e-04,4.8384750966357082e-05,3.0747045307588650e-06,5.1767915643097240e-07,2.1331654220801965e-09,1.2552506145624420e-08,1.4335380993379943e-08,9.0059130153363753e-09,4.7239416822719704e-09,2.2729116366804192e-09,9.4353469481944785e-10,3.8786096556719940e-10,8.4678597467302552e-11,3.2677860417607008e-11,4.2406855804699717e-11
1.1800000000000002e+00,9.3431936114877434e-02,2.0978202189496198e-02,3.5311577956894658e-03,4.4366220691804958e-04,5.2063604801033669e-05,3.4671081641235446e-06,5.4741843691363812e-07,3.2526087379025626e-09,1.3015454825016093e-08,1.4292882655198014e-08,8.8001690379257980e-09,4.5558271599688283e-09,2.1658211890596135e-09,8.8912177620414923e-10,3.6083203092118765e-10,7.6545103588898655e-11,2.9018121239232642e-11,4.0257464029025414e-11
1.2000000000000002e+00,9.4979633832671162e-02,2.1592940898666924e-02,3.6920179823793919e-03,4.7134015949923391e-04,5.5865191954884708e-05,3.8977203289380924e-06,5.7725009694475915e-07,9.1458790540954737e-09,1.3233847351301620e-08,1.4056396269168658e-08,8.4821277779312254e-09,4.3341253919138012e-09,2.0357511232305114e-09,8.2639917131643870e-10,3.3104441410358731e-10,6.8140826314788683e-11,2.5345392451470161e-11,3.7689185106160039e-11
1.2200000000000002e+00,9.6520204353348626e-02,2.2204288000562733e-02,3.8543270919755290e-03,4.9995329898999685e-04,5.9797304599928935e-05,4.3644499868600306e-06,6.0807628665671132e-07,1.5415728804590856e-08,1.3225138206784948e-08,1.3668272957900740e-08,8.0832368576366775e-09,4.0768622922016107e-09,1.8919339428435933e-09,7.5938233479178052e-10,3.0021263253132702e-10,5.9869664781331267e-11,2.1815438344674476e-11,3.4875213827945117e-11
1.2400000000000002e+00,9.8053400048567885e-02,2.2812068938788843e-02,4.0179258802980344e-03,5.2946522583074973e-04,6.3866663707612403e-05,4.8655200286518152e-06,6.4066428095976846e-07,2.1966157337516279e-08,1.3008311539053352e-08,1.3164809464782934e-08,7.6291684081297717e-09,3.7982972322936348e-09,1.7414605313348375e-09,6.9106509403837890e-10,2.6957147625239486e-10,5.1996962291411819e-11,1.8529289214086475e-11,3.1953439894039093e-11
1.2599999999999998e+00,9.9578984616774391e-02,2.3416120744068403e-02,4.1826601838170774e-03,5.5983887892319117e-04,6.8078966282691944e-05,5.3994299310522464e-06,6.7566331973800686e-07,2.8730133494470067e-08,1.2602988208598731e-08,1.2576906738281934e-08,7.1406857093947451e-09,3.5095694128628452e-09,1.5896810534599126e-09,6.2362703889817794e-10,2.3998436571304183e-10,4.4688253098001951e-11,1.5541568032517716e-11,2.9027780179546880e-11
1.2799999999999998e+00,1.0109673298644417e-01,2.4016291464401318e-02,4.3483809582507416e-03,5.9103668797111375e-04,7.2438933948038020e-05,5.9649211023860005e-06,7.1361968523309116e-07,3.5664458830630963e-08,1.2028720131063153e-08,1.1930680554605999e-08,6.6343971427684778e-09,3.2192459809010643e-09,1.4405497905656262e-09,5.5861049119698691e-10,2.1202040123569077e-10,3.8032910154583988e-11,1.2879253219466591e-11,2.6171953493303590e-11
1.2999999999999998e+00,1.0260643119436874e-01,2.4612439625258165e-02,4.5149442957008734e-03,6.2302071564190875e-04,7.6950362412286921e-05,6.5609448788306324e-06,7.5499015095292776e-07,4.2745333939109287e-08,1.1304454483607174e-08,1.1248027398380600e-08,6.1234118886588362e-09,2.9337934304152213e-09,1.2968927043388589e-09,4.9705994875637316e-10,1.8603130147454294e-10,3.2074565226025697e-11,1.0542344774933099e-11,2.3436919072139517e-11
1.3199999999999998e+00,1.0410787624176465e-01,2.5204433717927022e-02,4.6822114226240386e-03,6.5575278983642793e-04,8.1616171355380907e-05,7.1866330897396580e-06,8.0015391334953279e-07,4.9964543724634325e-08,1.0448149789787919e-08,1.0547123951987203e-08,5.6179165763836636e-09,2.6579576317686815e-09,1.1606597905000626e-09,4.3962888884863105e-10,1.6220780274522895e-10,2.6806667996481792e-11,8.5220719370227016e-12,2.0860868588101766e-11
1.3399999999999999e+00,1.0560087593078460e-01,2.5792151714309819e-02,4.8500486807758758e-03,6.8919462640726348e-04,8.6438454403148235e-05,7.8412711391750989e-06,8.4942317168934522e-07,5.7326227986820300e-08,9.4764855962381489e-09,9.8429145944933794e-09,5.1256543454059056e-09,2.3951064465066452e-09,1.0330999389296380e-09,3.8668235280425733e-10,1.4061707354073860e-10,2.2206680938552381e-11,6.7970074013601334e-12,1.8463230944121278e-11
1.3599999999999999e+00,1.0708524868377989e-01,2.6375480606491974e-02,5.0183274930146737e-03,7.2330794263231191e-04,9.1418528819997569e-05,8.5242734657597907e-06,9.0305243594102080e-07,6.4844116520745843e-08,8.4046878345844789e-09,9.1475187424805426e-09,4.6523499497297394e-09,2.1474952927036384e-09,9.1492613485399943e-10,3.3836000667974986e-10,1.2123857473511634e-10,1.8232082510394321e-11,5.3423931944962533e-12,1.6256329615771392e-11
1.3799999999999999e+00,1.0856082334753159e-01,2.6954315969621279e-02,5.1869243157741662e-03,7.5805456181454733e-04,9.6556984657936162e-05,9.2351613080188244e-06,9.6124670356800834e-07,7.2539208861854831e-08,7.2464179101672244e-09,8.4706242020615719e-09,4.2020721346958112e-09,1.9165019571332209e-09,8.0643869360130793e-10,2.9463997908152351e-10,1.0399570093966304e-10,1.4832135519782241e-11,4.1298076070006573e-12,1.4244383450545683e-11
1.3999999999999999e+00,1.1002743898447953e-01,2.7528561546658392e-02,5.3557205798024921e-03,7.9339650937237938e-04,1.0185373312698864e-04,9.9735426332125954e-06,1.0241686090317614e-06,8.0437824512280542e-08,6.0137291812978333e-09,7.8198250097472055e-09,3.7775361727554468e-09,1.7028185528289441e-09,7.0762784520894684e-10,2.5538671177827155e-10,8.8766438643972378e-11,1.1949108369435635e-11,3.1316060855601791e-12,1.2424727913185052e-11
1.4199999999999999e+00,1.1148494465280756e-01,2.8098128853700555e-02,5.5246026206580146e-03,8.2929610078119609e-04,1.0730805397474175e-04,1.0739094126632764e-05,1.0919446462587246e-06,8.8569988454523241e-08,4.7170680694819112e-09,7.2009307405807021e-09,3.3803664312159754e-09,1.5066072833747057e-09,6.1825855546260300e-10,2.2038704194926595e-10,7.5407013966355407e-11,9.5287111534503310e-12,2.3172574969976267e-12,1.0788037130282646e-11
1.4399999999999999e+00,1.1293319917710676e-01,2.8662936804644712e-02,5.6934616003008198e-03,8.6571602173868278e-04,1.1291864169749033e-04,1.1531545099474627e-05,1.1646705553314263e-06,9.6968080121051514e-08,3.3653203557193478e-09,6.6182327396191454e-09,3.0113195270686788e-09,1.3276229005043660e-09,5.3793758336695419e-10,1.8936685552972676e-10,6.3764993285531091e-11,7.5116579623113466e-12,1.6651124923328098e-12,9.3296481651350405e-12
1.4600000000000000e+00,1.1437207091122281e-01,2.9222911354076953e-02,5.8621934210427717e-03,9.0261940095837101e-04,1.1868365047251750e-04,1.2350663228577474e-05,1.2424159899770970e-06,1.0566575558978997e-07,1.9658679129008760e-09,6.0747539221139846e-09,2.6704616296058248e-09,1.1653321640991976e-09,4.6615744597744424e-10,1.6203594022101697e-10,5.3671511679453943e-11,5.8480997822130121e-12,1.1435297153639112e-12,8.0331297169777827e-12
1.4800000000000000e+00,1.1580143749468619e-01,2.9777985157289022e-02,6.0306986329197176e-03,9.3996987591016268e-04,1.2460073764231083e-04,1.3196241941293430e-05,1.3252284903897404e-06,1.1469704463973329e-07,5.2469117939324406e-10,5.5724509451238191e-09,2.3573337726290333e-09,1.0189824539708070e-09,4.0235048626158232e-10,1.3807777143881594e-10,4.4974246549145391e-11,4.4866332871151826e-12,7.3796524446834155e-13,6.8908212469409591e-12
1.5000000000000000e+00,1.1722118560411321e-01,3.0328097246486441e-02,6.1988823355737521e-03,9.7773165194359191e-04,1.3066710572706697e-04,1.4068089401630957e-05,1.4131369124870119e-06,1.2409565741666739e-07,9.5354057982888207e-10,5.1124070532537758e-09,2.0710697601344918e-09,8.8768148387430301e-10,3.4590919018029354e-10,1.1718093162471632e-10,3.7515879292016052e-11,3.3834046675451646e-12,4.2676973066591017e-13,5.8878457664945927e-12
1.5200000000000000e+00,1.1863121070073768e-01,3.0873192722222997e-02,6.3666540755118461e-03,1.0158695551040209e-03,1.3687954284002934e-04,1.4966018921813706e-05,1.5061543189309745e-06,1.3389442221622971e-07,2.4653529218099379e-09,4.6949898413473079e-09,1.8105122956413311e-09,7.7044826074512684e-10,2.9621183283978780e-10,9.9040775580760965e-11,3.1152525004074505e-11,2.4985569169189148e-12,1.9184653865522705e-13,5.0107695770407190e-12
1.5400000000000000e+00,1.2003141677520890e-01,3.1413222459235945e-02,6.5339277396050388e-03,1.0543490790263510e-03,1.4323446147401775e-04,1.5889840705218816e-05,1.6042804272808908e-06,1.4412485715986634e-07,4.0083529828649489e-09,4.3199913646319033e-09,1.5742941394947252e-09,6.6625438499556822e-10,2.5264323966212032e-10,8.3363649316936517e-11,2.5747404208686930e-11,1.7967849430533533e-12,1.8318679906315083e-14,4.2469361360986113e-12
1.5600000000000001e+00,1.2142171609064267e-01,3.1948142825875325e-02,6.7006214455833657e-03,1.0931364262527499e-03,1.4972793563439168e-04,1.6839354816555741e-05,1.7075036612412831e-06,1.5481684700890952e-07,5.5811096855151732e-09,3.9867492640510704e-09,1.3609142701653809e-09,5.7405480369254747e-10,2.1461077359674618e-10,6.9873440367018702e-11,2.1180390774588886e-11,1.2464473897466632e-12,1.0391687510491465e-13,3.5855762803294056e-12
1.5800000000000001e+00,1.2280202892484893e-01,3.2477915416382896e-02,6.8666574302005401e-03,1.1321985443114579e-03,1.5635573628192123e-04,1.7814345265820819e-05,1.8158028687320638e-06,1.6599841334841159e-07,7.1830459358324106e-09,3.6942503500725365e-09,1.1687893985978803e-09,4.9282011804763215e-10,1.8154466818742776e-10,5.8314908457646197e-11,1.7338463997873532e-11,8.2134299361769081e-13,1.8640644583456378e-13,3.0162539133016253e-12
1.6000000000000001e+00,1.2417228331255081e-01,3.3002506795332232e-02,7.0319619356955521e-03,1.1715031568847456e-03,1.6311336508245677e-04,1.8814575111325560e-05,1.9291487349804015e-06,1.7769555504809631e-07,8.8143240484228613e-09,3.4412186433740999e-09,9.9630215188994953e-10,4.2154857382570299e-10,1.5290901878017849e-10,4.8454129597530482e-11,1.4121037672509829e-11,4.9849013805669529e-13,2.3891999489933369e-13,2.5245361356951435e-12
1.6200000000000001e+00,1.2553241478833399e-01,3.3521888253577603e-02,7.1964650950816500e-03,1.2110187903808800e-03,1.6999608646151021e-04,1.9839782476216428e-05,2.0475049437029824e-06,1.8993214301321615e-07,1.0475737832749132e-08,3.2261855409387863e-09,8.4184159643285739e-10,3.5927971708815676e-10,1.2820922101752785e-10,4.0074388252264725e-11,1.1439960090342538e-11,2.5779378631796135e-13,2.6678659281742512e-13,2.1047608100843718e-12
1.6400000000000001e+00,1.2688236613101089e-01,3.4036035575121915e-02,7.3601008167899495e-03,1.2507147962380616e-03,1.7699895799072607e-04,2.0889677410873553e-05,2.1708291294553206e-06,2.0272987710789891e-07,1.2168617558039330e-08,3.0475586498823759e-09,7.0382466521579090e-10,3.0510749482459687e-10,1.0698519847807120e-10,3.2983948905496163e-11,9.2161833720183495e-12,8.3377749149349256e-14,2.7755575615628914e-13,1.7472689961550714e-12
1.6600000000000001e+00,1.2822208710997463e-01,3.4544928814321696e-02,7.5228066690784523e-03,1.2905613692234530e-03,1.8411685910901809e-04,2.1963939490832196e-05,2.2990736331385264e-06,2.1610827061202542e-07,1.3894736028419175e-08,2.9036666404635980e-09,5.8071292219352699e-10,2.5818336357730232e-10,8.8817730947710061e-11,2.7009949832290658e-11,7.3804296008006531e-12,3.8524738954492932e-14,2.7444713168733870e-13,1.4437340212225536e-12
1.6800000000000002e+00,1.2955153423409471e-01,3.5048552082918683e-02,7.6845237646167019e-03,1.3305295620348323e-03,1.9134451820768117e-04,2.3062216086944254e-05,2.4321861110676579e-06,2.3008466432106189e-07,1.5656218432802405e-08,2.7928039880720235e-09,4.7104531386565895e-10,2.1771895397648677e-10,7.3328232375047264e-11,2.1996848786898227e-11,5.8735238894769282e-12,1.2234657731369225e-13,2.6179058920661191e-13,1.1879386363489175e-12
1.7000000000000002e+00,1.3087067050361700e-01,3.5546893346401265e-02,7.8451966456037914e-03,1.3705912964765421e-03,1.9867653813465669e-04,2.4184121246384471e-05,2.5701100196950932e-06,2.4467427883756443e-07,1.7455474177197061e-08,2.7132709412569511e-09,3.7342573477872065e-10,1.8299228798923650e-10,6.0170646243307147e-11,1.7810308783339224e-11,4.6409542875380794e-12,1.7197354651443675e-13,2.4524826613969708e-13,9.7066799042977436e-13
1.7200000000000002e+00,1.3217946516548362e-01,3.6039944229224186e-02,8.0047731696971658e-03,1.4107193714377742e-03,2.0610742011317740e-04,2.5329235070259415e-05,2.7127849765440359e-06,2.5989026064543452e-07,1.9295112507755618e-08,2.6633857341806788e-09,2.8655100514640708e-10,1.5333645464465917e-10,4.9040105309927640e-11,1.4328871422719658e-11,3.6410874315606634e-12,1.9906298831529057e-13,2.2393198406689407e-13,7.8814732518139863e-13
1.7400000000000002e+00,1.3347789347244998e-01,3.6527699828480364e-02,8.1632043970732981e-03,1.4508874679718398e-03,2.1363158616971578e-04,2.6497103590927829e-05,2.8601470555278397e-06,2.7574376637584663e-07,2.1177891995627363e-08,2.6415216680675258e-09,2.0919843635169855e-10,1.2815004613031533e-10,3.9662717554733717e-11,1.1447842673817377e-11,2.8331781365409370e-12,2.1027624086400465e-13,1.9928503292021560e-13,6.3782312764715243e-13
1.7599999999999998e+00,1.3476593644631418e-01,3.7010158535595972e-02,8.3204444788164134e-03,1.4910701516619440e-03,2.2124340007256826e-04,2.7687239036344735e-05,3.0121289963380704e-06,2.9224404207717214e-07,2.3106657587312895e-08,2.6461161040103320e-09,1.4023393557494046e-10,1.0688949725334851e-10,3.1792901644678295e-11,9.0769614047303548e-12,2.1825874441105952e-12,2.0550228185811648e-13,1.7674750552032492e-13,5.1070259132757201e-13
1.7799999999999998e+00,1.3604358064552013e-01,3.7487321865671497e-02,8.4764505468606366e-03,1.5312428725143823e-03,2.2893718684535713e-04,2.8899120442238413e-05,3.1686603650937784e-06,3.0939850037547956e-07,2.5084288646226582e-08,2.6756774573755138e-09,7.8617334864361510e-11,8.9062757169244833e-11,2.5218493959755506e-11,7.1340711116363309e-12,1.6636692024007971e-12,1.9484414082171497e-13,1.5154544286133387e-13,4.0600856010541975e-13
1.7999999999999998e+00,1.3731081793740063e-01,3.7959194294138743e-02,8.6311826056765240e-03,1.5713819626085312e-03,2.3670725092272971e-04,3.0132194586918182e-05,3.3296676732463837e-06,3.2721282750003411e-07,2.7113661871247530e-08,2.7288042936390866e-09,2.3391621972734811e-11,7.4229844493345354e-11,1.9751089652686460e-11,5.5522253461504079e-12,1.2552181516412020e-12,1.7874590696465020e-13,1.2934098236883074e-13,3.2118752102405779e-13
1.8199999999999998e+00,1.3856764527523335e-01,3.8425783100364153e-02,8.7846034258397543e-03,1.6114646316692793e-03,2.4454789296746160e-04,3.1385877165890363e-05,3.4950744663975186e-06,3.4569106344140010e-07,2.9197611772779908e-08,2.8041823307844993e-09,2.6319391110973811e-11,6.2004401613080518e-11,1.5224044247474922e-11,4.2730263771773025e-12,9.3403063061714420e-13,1.5842882561400984e-13,1.0802470029602773e-13,2.5079938126282286e-13
1.8399999999999999e+00,1.3981406448028477e-01,3.8887098217903038e-02,8.9366784396184284e-03,1.6514689607715072e-03,2.5245342542401517e-04,3.2659554192515650e-05,3.6648013815865355e-06,3.6483569487710810e-07,3.1338895256638466e-08,2.9005913226853863e-09,7.1311068161605817e-11,5.2037485431810637e-11,1.1493361817827008e-11,3.2461811017014952e-12,6.8245409323708373e-13,1.3633538742396922e-13,9.0039087297100195e-14,1.9206858326015208e-13
1.8599999999999999e+00,1.4105008202897806e-01,3.9343152091101952e-02,9.0873756386958826e-03,1.6913738943494794e-03,2.6041818685462736e-04,3.3952583572305350e-05,3.8387661948080520e-06,3.8464774665403212e-07,3.3540166533008176e-08,3.0168992859458399e-09,1.1229994711925428e-10,4.4022230305529320e-11,8.4348084072871643e-12,2.4266144649232047e-12,4.8938630925476900e-13,1.1346479311669100e-13,7.3052675020335300e-14,1.4543921622589551e-13
1.8799999999999999e+00,1.4227570884530261e-01,3.9793959537780421e-02,9.2366654741247167e-03,1.7311592306789025e-03,2.6843655511721298e-04,3.5264296829429220e-05,4.0168838680854080e-06,4.0512686538818343e-07,3.5803955578117552e-08,3.1520689391939527e-09,1.4993584152023232e-10,3.7690184306882202e-11,5.9402482932569001e-12,1.7793544415667384e-12,3.4250380309686079e-13,9.1815444136500446e-14,5.7176485768195562e-14,1.0880185641326534e-13
1.8999999999999999e+00,1.4349096009852613e-01,4.0239537617705601e-02,9.3845207585687707e-03,1.7708056109845272e-03,2.7650295942971415e-04,3.6594000946577054e-05,4.1990665780033964e-06,4.2627140750539638e-07,3.8132648705335725e-08,3.3051520409443924e-09,1.8480084129635088e-10,3.2806535266161063e-11,3.9160896747603147e-12,1.2747580768746047e-12,2.3248070135650778e-13,7.2053474298172659e-14,4.4741987892393809e-14,7.8492767840998567e-14
1.9199999999999999e+00,1.4469585500628057e-01,4.0679905506629921e-02,9.5309165709116517e-03,1.8102945073189547e-03,2.8461189137274356e-04,3.7940980282202830e-05,4.3852237522346016e-06,4.4807851284911493e-07,4.0528475242496143e-08,3.4752851707509080e-09,2.1741708433609119e-10,2.9165780901507787e-11,2.2822854717219343e-12,8.8384854990408712e-13,1.4965806371947110e-13,5.3512749786932545e-14,3.4305891460917337e-14,5.3290705182007514e-14
1.9399999999999999e+00,1.4589041664306079e-01,4.1115084375645927e-02,9.6758301632666743e-03,1.8496082093576449e-03,2.9275791489735692e-04,3.9304498563375034e-05,4.5752621090633383e-06,4.7054418095271444e-07,4.2993489990372780e-08,3.6616852883142315e-09,2.4824575728388254e-10,2.6584845436161686e-11,9.7355457029379977e-13,5.8542060088484504e-13,9.2148511043887993e-14,3.8635761256955448e-14,2.2981616609740740e-14,3.7303493627405260e-14
1.9600000000000000e+00,1.4707467175415878e-01,4.1545097275649701e-02,9.8192408704349532e-03,1.8887298102397976e-03,3.0093567537947674e-04,4.0683800919372182e-05,4.7690857077897775e-06,4.9366335064249256e-07,4.5529578329706055e-08,3.8636516208612193e-09,2.7770608035382338e-10,2.4915514096335301e-11,7.4495964952348004e-14,3.6504133049675147e-13,5.0404125317982107e-14,2.3314683517128287e-14,1.4543921622589551e-14,2.1871393585115584e-14
1.9800000000000000e+00,1.4824865057500924e-01,4.1969969026659837e-02,9.9611300218017673e-03,1.9276431915481451e-03,3.0913990775827127e-04,4.2078115917276726e-05,4.9665959925837555e-06,5.1742995377246359e-07,4.8138433128563918e-08,4.0805469003757366e-09,3.0615832091740458e-10,2.4020119226975112e-11,9.0649709960644032e-13,2.0372592501871623e-13,2.2870594307278225e-14,1.1657341758564144e-14,7.2164496600635175e-15,1.1435297153639112e-14
2.0000000000000000e+00,1.4941238665597234e-01,4.2389726111855097e-02,1.0101480855733924e-02,1.9663330075880836e-03,3.1736544384086685e-04,4.3486657627989089e-05,5.1676918642051817e-06,5.4183698872112274e-07,5.0821562735947623e-08,4.3118076886727863e-09,3.3393088294531026e-10,2.3787527503316142e-11,1.5657475316288583e-12,9.0372154204487742e-14,3.2196467714129540e-15,5.5511151231257827e-16,3.4416913763379853e-15,2.6645352591003757e-15
